given_name,family_name,additional_name,Name,Address,Phone,Tags,Date of Birth,Registration Date
Dean,Pelton,,"Pelton, Dean","Manila, Philippines",,,1990-01-01,2025-27-08
Mable,Henson,,"Henson, Mable","Manila, Philippines",,,1972-02-02,2025-27-08
Renee,Goodwin,,"Goodwin, Renee","Manila, Philippines",,,1982-01-03,2025-27-08
Rob,Morrison,,"Morrison, Rob","Manila, Philippines",,,1990-08-04,2025-27-08
Iris,Price,,"Price, Iris","Cebu, Philippines",,,1989-01-05,2025-27-08
Loraine,Fernandez,,"Fernandez, Loraine","Manila, Philippines",,,1978-01-06,2025-27-08
Trinidad,Walter,,"Walter, Trinidad","Manila, Philippines",,,1997-01-12,2025-27-08
Priscilla,Valentine,,"Valentine, Priscilla","Cebu, Philippines",,,1991-09-08,2025-27-08
Sandra,Mays,,"Mays, Priscilla","Manila, Philippines",,,1990-01-09,2025-27-08
Asa,Davidson,,"Davidson, Asa","Manila, Philippines",,,1990-04-10,2025-27-08